<?xml version="1.0" encoding="UTF-8"?>
<!--Sample XML file generated by XMLSpy v2010 (http://www.altova.com)-->
<transport:Message StructuresVersion="String" ECLVersion="String" DatatypesVersion="String" TransactionDomain="SCRIPT" TransactionVersion="String" TransportVersion="String" xsi:schemaLocation="http://www.ncpdp.org/schema/Transport transport.xsd" xmlns:transport="http://www.ncpdp.org/schema/Transport" xmlns:datatypes="http://www.ncpdp.org/schema/datatypes" xmlns:SCRIPT="http://www.ncpdp.org/schema/SCRIPT" xmlns:structures="http://www.ncpdp.org/schema/structures" xmlns:xsi="http://www.w3.org/2001/XMLSchema-instance">
	<transport:Header>
		<transport:To Qualifier="P">7701630</transport:To>
		<transport:From Qualifier="C">77777777</transport:From>
		<transport:MessageID>1234567</transport:MessageID>
		<transport:SentTime>2010-10-01T08:15:22</transport:SentTime>
		<transport:Security>
			<transport:UsernameToken>
				<transport:Password Type="PasswordDigest">String</transport:Password>
				<transport:Created>2001-12-17T09:30:47Z</transport:Created>
			</transport:UsernameToken>
			<transport:Sender>
				<transport:SecondaryIdentification>PASSWORDA</transport:SecondaryIdentification>
			</transport:Sender>
		</transport:Security>
		<transport:SenderSoftware>
			<transport:SenderSoftwareDeveloper>MDLITE</transport:SenderSoftwareDeveloper>
			<transport:SenderSoftwareProduct>443</transport:SenderSoftwareProduct>
			<transport:SenderSoftwareVersionRelease>2.1</transport:SenderSoftwareVersionRelease>
		</transport:SenderSoftware>
		<transport:PrescriberOrderNumber>110088</transport:PrescriberOrderNumber>
	</transport:Header>
	<transport:Body>
		<transport:NewRx>
			<SCRIPT:Patient>
				<structures:Identification>
					<datatypes:SocialSecurity>333445555</datatypes:SocialSecurity>
				</structures:Identification>
				<structures:Name>
					<datatypes:LastName>SMITH</datatypes:LastName>
					<datatypes:FirstName>MARY</datatypes:FirstName>
				</structures:Name>
				<structures:Gender>F</structures:Gender>
				<structures:DateOfBirth>
					<datatypes:Date>1954-12-25</datatypes:Date>
				</structures:DateOfBirth>
				<structures:Address>
					<datatypes:AddressLine1>45 EAST ROAD SW</datatypes:AddressLine1>
					<datatypes:City>CLANCY</datatypes:City>
					<datatypes:State>WI</datatypes:State>
					<datatypes:ZipCode>54999</datatypes:ZipCode>
				</structures:Address>
				<structures:CommunicationNumbers>
					<datatypes:PrimaryTelephone>
						<datatypes:Number>6512551122</datatypes:Number>
					</datatypes:PrimaryTelephone>
				</structures:CommunicationNumbers>				
			</SCRIPT:Patient>
			<SCRIPT:Pharmacy>
				<structures:Identification>
					<datatypes:NCPDPID>7701630</datatypes:NCPDPID>
					<datatypes:NPI>7878787878</datatypes:NPI>
				</structures:Identification>
				<structures:BusinessName>MAIN STREET PHARMACY</structures:BusinessName>
				<structures:CommunicationNumbers>
					<datatypes:PrimaryTelephone>
						<datatypes:Number>6152205656</datatypes:Number>
					</datatypes:PrimaryTelephone>
				</structures:CommunicationNumbers>					
			</SCRIPT:Pharmacy>
			<SCRIPT:Prescriber>
				<structures:Identification>
					<datatypes:NPI>666666666</datatypes:NPI>
				</structures:Identification>
				<structures:Name>
					<datatypes:LastName>JONES</datatypes:LastName>
					<datatypes:FirstName>MARK</datatypes:FirstName>
				</structures:Name>
				<structures:Address>
					<datatypes:AddressLine1>211 CENTRAL ROAD</datatypes:AddressLine1>
					<datatypes:City>JONESVILLE</datatypes:City>
					<datatypes:State>TN</datatypes:State>
					<datatypes:ZipCode>37777</datatypes:ZipCode>
				</structures:Address>
				<structures:CommunicationNumbers>
					<datatypes:PrimaryTelephone>
						<datatypes:Number>6152219800</datatypes:Number>
					</datatypes:PrimaryTelephone>
				</structures:CommunicationNumbers>	
		</SCRIPT:Prescriber>
	<SCRIPT:MedicationPrescribed>
			<structures:DrugDescription>CALAN SR 240MG</structures:DrugDescription>
			<structures:DrugCoded>
				<datatypes:Strength>
					<datatypes:StrengthValue>240</datatypes:StrengthValue>
				<datatypes:StrengthForm>
					<datatypes:Code>C42998</datatypes:Code>
				</datatypes:StrengthForm>
				<datatypes:StrengthUnitOfMeasure>
					<datatypes:Code>C28253</datatypes:Code>
				</datatypes:StrengthUnitOfMeasure>
			</datatypes:Strength>
		</structures:DrugCoded>
		<structures:Quantity>
			<datatypes:Value>60</datatypes:Value>
			<datatypes:CodeListQualifier>38</datatypes:CodeListQualifier>
			<datatypes:QuantityUnitOfMeasure>
				<datatypes:Code>C48542</datatypes:Code>
			</datatypes:QuantityUnitOfMeasure>
		</structures:Quantity>
		<structures:DaysSupply>30</structures:DaysSupply>
		<structures:WrittenDate>
			<datatypes:Date>2010-10-01</datatypes:Date>
		</structures:WrittenDate>
		<structures:Substitutions>0</structures:Substitutions>
		<structures:NumberOfRefills>1</structures:NumberOfRefills>
		<structures:Sig>
		<structures:SigText>TAKE 1 TABLET BY MOUTH EVERY MORNING</structures:SigText>
	<structures:CodeSystem>
		<structures:SNOMEDVersion>2012</structures:SNOMEDVersion>
		<structures:FMTVersion>2012</structures:FMTVersion>
	</structures:CodeSystem>
	<structures:Instruction>
		<structures:DoseAdministration>
			<structures:DoseDeliveryMethod>
				<datatypes:Text>TAKE</datatypes:Text>
				<datatypes:Qualifier>SNOMED</datatypes:Qualifier>
				<datatypes:Code>419652001</datatypes:Code>
			</structures:DoseDeliveryMethod>
			<structures:Dosage>
				<structures:DoseQuantity>1</structures:DoseQuantity>
			</structures:Dosage>
			<structures:DoseForm>
				<datatypes:Text>TABLET</datatypes:Text>
				<datatypes:Qualifier>FMTDOSEFORM</datatypes:Qualifier>
				<datatypes:Code>C42998</datatypes:Code>
			</structures:DoseForm>
			<structures:RouteOfAdministration>
				<datatypes:Text>BY MOUTH</datatypes:Text>
				<datatypes:Qualifier>SNOMED</datatypes:Qualifier>
				<datatypes:Code>26643006</datatypes:Code>
			</structures:RouteOfAdministration>
		</structures:DoseAdministration>
		<structures:TimingAndDuration>
			<structures:AdministrationTiming>
				<structures:AdministrationTimingModifier>
					<datatypes:Text>EVERY</datatypes:Text>
					<datatypes:Qualifier>SNOMED</datatypes:Qualifier>
					<datatypes:Code>421612001</datatypes:Code>
				</structures:AdministrationTimingModifier>
				<structures:AdministrationTimingEvent>
					<datatypes:Text>MORNING</datatypes:Text>
					<datatypes:Qualifier>SNOMED</datatypes:Qualifier>
					<datatypes:Code>73775008</datatypes:Code>
				</structures:AdministrationTimingEvent>
			</structures:AdministrationTiming>
		</structures:TimingAndDuration>
	</structures:Instruction>
	</structures:Sig>
	</SCRIPT:MedicationPrescribed>
		</transport:NewRx>
	</transport:Body>
</transport:Message>
